--
-- Script was generated by Devart dbForge Studio for MySQL, Version 8.0.108.0
-- Product home page: http://www.devart.com/dbforge/mysql/studio
-- Script date 1/11/2018 11:01:21 a. m.
-- Server version: 5.5.5-10.1.32-MariaDB
-- Client version: 4.1
--

-- 
-- Disable foreign keys
-- 
/*!40014 SET @OLD_FOREIGN_KEY_CHECKS=@@FOREIGN_KEY_CHECKS, FOREIGN_KEY_CHECKS=0 */;

-- 
-- Set SQL mode
-- 
/*!40101 SET @OLD_SQL_MODE=@@SQL_MODE, SQL_MODE='NO_AUTO_VALUE_ON_ZERO' */;

--
-- Set default database
--
USE odontapp;

--
-- Drop procedure `ValidateUser`
--
DROP PROCEDURE IF EXISTS ValidateUser;

--
-- Drop table `usuarios`
--
DROP TABLE IF EXISTS usuarios;

--
-- Drop table `usuario_roles`
--
DROP TABLE IF EXISTS usuario_roles;

--
-- Drop table `citas`
--
DROP TABLE IF EXISTS citas;

--
-- Drop table `hc_sesiones`
--
DROP TABLE IF EXISTS hc_sesiones;

--
-- Drop table `hc_general`
--
DROP TABLE IF EXISTS hc_general;

--
-- Drop table `pacientes`
--
DROP TABLE IF EXISTS pacientes;

--
-- Set default database
--
USE odontapp;

--
-- Create table `pacientes`
--
CREATE TABLE pacientes (
  id INT(11) NOT NULL AUTO_INCREMENT,
  Identificacion BIGINT(20) NOT NULL,
  Nombre VARCHAR(255) NOT NULL,
  Direccion VARCHAR(255) NOT NULL,
  FechaNacimiento DATE NOT NULL,
  Telefonos VARCHAR(255) NOT NULL,
  TipoIdentificacion VARCHAR(3) NOT NULL,
  Sexo VARCHAR(1) NOT NULL,
  Estado TINYINT(1) NOT NULL,
  PRIMARY KEY (id)
)
ENGINE = INNODB,
AUTO_INCREMENT = 108,
AVG_ROW_LENGTH = 154,
CHARACTER SET latin1,
COLLATE latin1_spanish_ci;

--
-- Create index `Identificacion` on table `pacientes`
--
ALTER TABLE pacientes 
  ADD UNIQUE INDEX Identificacion(Identificacion);

--
-- Create table `hc_general`
--
CREATE TABLE hc_general (
  id INT(11) NOT NULL AUTO_INCREMENT,
  idPaciente INT(11) NOT NULL,
  fecha DATETIME DEFAULT CURRENT_TIMESTAMP,
  PRIMARY KEY (id)
)
ENGINE = INNODB,
AUTO_INCREMENT = 7,
AVG_ROW_LENGTH = 2730,
CHARACTER SET latin1,
COLLATE latin1_spanish_ci;

--
-- Create foreign key
--
ALTER TABLE hc_general 
  ADD CONSTRAINT FK_hc_general_idPaciente FOREIGN KEY (idPaciente)
    REFERENCES pacientes(id) ON DELETE NO ACTION;

--
-- Create table `hc_sesiones`
--
CREATE TABLE hc_sesiones (
  id INT(11) NOT NULL AUTO_INCREMENT,
  id_general INT(11) DEFAULT NULL,
  datosconsulta TEXT CHARACTER SET utf8 COLLATE utf8_general_ci DEFAULT NULL,
  PRIMARY KEY (id)
)
ENGINE = INNODB,
AUTO_INCREMENT = 7,
AVG_ROW_LENGTH = 2730,
CHARACTER SET latin1,
COLLATE latin1_spanish_ci;

--
-- Create foreign key
--
ALTER TABLE hc_sesiones 
  ADD CONSTRAINT FK_hc_sesiones_id_general2 FOREIGN KEY (id_general)
    REFERENCES hc_general(id) ON DELETE NO ACTION;

--
-- Create table `citas`
--
CREATE TABLE citas (
  id INT(11) NOT NULL AUTO_INCREMENT,
  idPaciente INT(11) NOT NULL,
  fecharegistro DATETIME DEFAULT CURRENT_TIMESTAMP,
  fechacita DATE DEFAULT NULL,
  horacita TIME DEFAULT NULL,
  modificado DATETIME DEFAULT NULL ON UPDATE CURRENT_TIMESTAMP,
  estado TINYINT(1) DEFAULT 1,
  PRIMARY KEY (id)
)
ENGINE = INNODB,
CHARACTER SET latin1,
COLLATE latin1_spanish_ci;

--
-- Create foreign key
--
ALTER TABLE citas 
  ADD CONSTRAINT FK_citas_idPaciente FOREIGN KEY (idPaciente)
    REFERENCES pacientes(id) ON DELETE NO ACTION;

--
-- Create table `usuario_roles`
--
CREATE TABLE usuario_roles (
  id INT(11) NOT NULL AUTO_INCREMENT,
  Nombre VARCHAR(255) NOT NULL,
  PRIMARY KEY (id)
)
ENGINE = INNODB,
AUTO_INCREMENT = 4,
AVG_ROW_LENGTH = 8192,
CHARACTER SET latin1,
COLLATE latin1_spanish_ci;

--
-- Create table `usuarios`
--
CREATE TABLE usuarios (
  id INT(11) NOT NULL AUTO_INCREMENT,
  Identificacion BIGINT(20) DEFAULT NULL,
  Nombre VARCHAR(255) NOT NULL,
  TipoIdentificacion VARCHAR(2) NOT NULL,
  Correo VARCHAR(255) NOT NULL,
  Direccion VARCHAR(255) NOT NULL,
  Telefonos VARCHAR(255) NOT NULL,
  NroRegistro BIGINT(20) NOT NULL,
  Firma TEXT DEFAULT NULL,
  Activo TINYINT(1) NOT NULL,
  RolId INT(11) NOT NULL,
  Clave VARCHAR(255) NOT NULL,
  PRIMARY KEY (id)
)
ENGINE = INNODB,
AUTO_INCREMENT = 2,
CHARACTER SET latin1,
COLLATE latin1_spanish_ci;

--
-- Create index `Identificacion` on table `usuarios`
--
ALTER TABLE usuarios 
  ADD UNIQUE INDEX Identificacion(Identificacion);

--
-- Create foreign key
--
ALTER TABLE usuarios 
  ADD CONSTRAINT FK_usuarios_RolId FOREIGN KEY (RolId)
    REFERENCES usuario_roles(id) ON DELETE NO ACTION;

DELIMITER $$

--
-- Create procedure `ValidateUser`
--
CREATE DEFINER = 'root'@'localhost'
PROCEDURE ValidateUser(IN `@T1` VARCHAR(20), IN `@T2` VARCHAR(100))
BEGIN
SELECT
  ur.id,
  ur.Nombre,
  u.Nombre,
  u.Activo,
  u.NroRegistro
FROM usuarios u
  INNER JOIN usuario_roles ur
    ON u.RolId = ur.id
WHERE u.Identificacion = 1234
AND u.Clave = 'i/lRz5A+zGIoEtR7EVfRo6+p+9w=';
END
$$

DELIMITER ;

-- 
-- Dumping data for table pacientes
--
INSERT INTO pacientes VALUES
(10, 73151330, 'CABRERA CALVO DENIS AMILKAR', 'SIN DIR', '1987-02-27', 'SIN-TEL', 'CC', 'M', 1),
(12, 73214832, 'JASPE JIMENEZ ALEXANDER', 'SIN DIR', '1985-06-03', 'SIN-TEL', 'CC', 'M', 1),
(13, 1001972113, 'GOMEZ JULIO DANIELA', 'SIN DIR', '2000-11-11', 'SIN-TEL', 'TI', 'F', 1),
(14, 1137524024, 'MADRID VASQUEZ SAMUEL DAVID', 'SIN DIR', '2004-12-12', 'SIN-TEL', 'TI', 'M', 1),
(15, 45521793, 'VASQUEZ ANGULO NOEMI', 'SIN DIR', '1978-02-13', 'SIN-TEL', 'CC', 'F', 1),
(16, 1052740376, 'VANESSA ISABEL GALINDO SANCHEZ', 'VILLA FANNY', '1999-07-30', 'SIN-TEL', 'CC', 'F', 1),
(17, 33138879, 'NUÑEZ ANAYA NEDA DEL CARMEN', 'SIN DIR', '1951-11-11', 'SIN-TEL', 'CC', 'F', 1),
(18, 45540135, 'PITALUA AVILA CAROLINA', 'SIN DIR', '1966-08-02', 'SIN-TEL', 'CC', 'F', 1),
(19, 9294700, 'MEDRANO COGOLLO ELIECER ANTONIO', 'SIN DIR', '1977-12-02', 'SIN-TEL', 'CC', 'M', 1),
(20, 73576029, 'DE LA PEÑA GOMEZ JUAN CARLOS', 'SIN DIR', '1976-06-04', 'SIN-TEL', 'CC', 'M', 1),
(21, 1047457929, 'CORONEL BLANCO YORELIS', 'SIN DIR', '1993-04-02', 'SIN-TEL', 'CC', 'F', 1),
(22, 73182482, 'PAJARO VILLARREAL JAIME', 'SIN DIR', '1981-08-13', 'SIN-TEL', 'CC', 'M', 1),
(23, 91131489, 'OSORIO LUIS', 'SIN DIR', '1963-09-16', 'SIN-TEL', 'CC', 'M', 1),
(24, 1041971922, 'GUZMAN COGOLLO JAIRO DAVID', 'SIN DIR', '2002-12-13', 'SIN-TEL', 'TI', 'M', 1),
(25, 1201267873, 'GERARD LIUS SUAREZ BERNATE', 'VISTA HERMOSA', '2017-10-02', 'SIN-TEL', 'RC', 'M', 1),
(26, 7400851, 'FERIA BABILONIA JOSE MIGUEL', 'SIN DIR', '1941-03-03', 'SIN-TEL', 'CC', 'M', 1),
(27, 17078419, 'CANCHON MALDONADO ROBERTO', 'SIN DIR', '1942-11-12', 'SIN-TEL', 'CC', 'M', 1),
(28, 1041977214, 'TORRES URUETA ROYBER', 'SIN DIR', '2005-10-24', 'SIN-TEL', 'TI', 'F', 1),
(29, 73433292, 'MONTES TOVAR ALEX JOHAN', 'SIN DIR', '1981-09-23', 'SIN-TEL', 'CC', 'M', 1),
(30, 45537968, 'CASTILLO CASTELLANOS CLAUDIA CECILIA', 'SIN DIR', '1979-10-08', 'SIN-TEL', 'CC', 'F', 1),
(31, 73092404, 'MORELOS BELTRAN LUIS EDUARDO', 'SIN DIR', '1962-12-30', 'SIN-TEL', 'CC', 'M', 1),
(32, 1048438283, 'DUARTE SIMANCA YOINER DE JESUS', 'SIN DIR', '2004-02-27', 'SIN-TEL', 'TI', 'M', 1),
(33, 25877726, 'SANCHEZ CONTRERAS EDERLIS MARGOT', 'SIN DIR', '1979-10-16', 'SIN-TEL', 'CC', 'F', 1),
(34, 9060967, 'VANEGA MENDOZA GILBERTO', 'SIN DIR', '1947-11-24', 'SIN-TEL', 'CC', 'M', 1),
(35, 73432530, 'ARIAS TOVAR SEGUNDO RAFAEL', 'SIN DIR', '1981-12-18', 'SIN-TEL', 'CC', 'M', 1),
(36, 1143348000, 'SIERRA SILVA YENIFER ALEXANDRA', 'SIN DIR', '1990-02-04', 'SIN-TEL', 'CC', 'F', 1),
(37, 45483039, 'CONTRERAS NARANJO JOSEFINA MARIA', 'SIN DIR', '1965-01-01', 'SIN-TEL', 'CC', 'F', 1),
(38, 6893394, 'HERNANDEZ ESQUIVEL LUIS ABEL', 'SIN DIR', '1963-03-04', 'SIN-TEL', 'CC', 'M', 1),
(39, 1192715481, 'ALVAREZ VEGA BETTY AMADA', 'SIN DIR', '2001-03-29', 'SIN-TEL', 'TI', 'F', 1),
(40, 73127797, 'OROZCO TORRES DONALDO ENRIQUE', 'SIN DIR', '1967-10-05', 'SIN-TEL', 'CC', 'M', 1),
(41, 1047370370, 'PALENCIA DE ORO GABRIELA MARIA', 'SIN DIR', '2003-03-13', 'SIN-TEL', 'TI', 'F', 1),
(42, 45454427, 'MONSALVE ORTEGA ANA YIRA', 'SIN DIR', '1962-01-08', 'SIN-TEL', 'CC', 'F', 1),
(43, 30878134, 'ECHAVARIA GUERRERO LENYS PAOLA', 'SIN DIR', '1975-10-24', 'SIN-TEL', 'CC', 'F', 1),
(44, 1048600575, 'COGOLLO CEBALLOS MAGALIS', 'SIN DIR', '1969-12-03', 'SIN-TEL', 'CC', 'F', 1),
(45, 9082487, 'OROZCO MENDOZA PEDRO MANUEL', 'PIE POPA -EL TORIL', '1952-10-23', 'SIN-TEL', 'CC', 'M', 1),
(46, 7919316, 'DIAZ ORTEGA EZEQUIEL ANTONIO', 'SIN DIR', '1976-08-03', 'SIN-TEL', 'CC', 'M', 1),
(47, 32907405, 'CONTRERAS ZABALA BRENDIS', 'SIN DIR', '1983-08-03', 'SIN-TEL', 'CC', 'F', 1),
(48, 64521290, 'MATOS BLANQUICET CATALINA', 'SIN DIR', '1974-09-17', 'SIN-TEL', 'CC', 'F', 1),
(49, 73102559, 'BARRIOS LAMBIS FREDYS', 'SIN DIR', '1964-01-23', 'SIN-TEL', 'CC', 'M', 1),
(50, 45464935, 'RAMIREZ TAPIA ANA MERCEDES', 'SIN DIR', '1957-09-01', 'SIN-TEL', 'CC', 'F', 1),
(51, 1041972379, 'GARCIA BLANCO DOUGLAS ALEXANDER', 'SIN DIR', '2003-11-13', 'SIN-TEL', 'RC', 'M', 1),
(52, 19614097, 'VILLA MORALES LUIS ALBERTO', 'SIN DIR', '1965-06-20', 'SIN-TEL', 'CC', 'M', 1),
(53, 88091785727, 'TORRES DIAZ ADOLFO', 'SIN DIR', '1988-09-17', 'SIN-TEL', 'TI', 'M', 1),
(54, 3805183, 'ARRIETA RODRIGUEZ NELSON', 'SIN DIR', '1978-09-08', 'SIN-TEL', 'CC', 'M', 1),
(55, 8854386, 'PEREZ BARRIOS ARLINSON', 'SIN DIR', '1978-04-02', 'SIN-TEL', 'CC', 'M', 1),
(56, 45479136, 'REYES PANTOJA SERLEIDA', 'SIN DIR', '1966-03-11', 'SIN-TEL', 'CC', 'F', 1),
(57, 6810832, 'TOVAR LABIOSA DAVID', 'SIN DIR', '1946-04-13', 'SIN-TEL', 'CC', 'M', 1),
(58, 73114611, 'OSORIO CONSUEGRA RAFAEL ENRIQUE', 'SIN DIR', '1964-11-19', 'SIN-TEL', 'CC', 'M', 1),
(59, 73194714, 'GAVIRIA BARROSO DELIMIRO', 'SIN DIR', '1986-11-01', 'SIN-TEL', 'CC', 'M', 1),
(60, 1007120504, 'ZAPATEIRO MEZA JOSE DANIEL', 'SIN DIR', '2001-12-10', 'SIN-TEL', 'TI', 'M', 1),
(61, 45493641, 'SALAS ESCUDERO MARILDA IBETH', 'SIN DIR', '1972-01-20', 'SIN-TEL', 'CC', 'F', 1),
(62, 32909447, 'FAJARDO BERRIO JUDITH', 'SIN DIR', '1972-05-24', 'SIN-TEL', 'CC', 'F', 1),
(63, 23237858, 'VELASCO DE DE LA HOZ IGNACIA RAQUEL', 'SIN DIR', '1956-07-30', 'SIN-TEL', 'CC', 'F', 1),
(64, 45428153, 'VEGA ZUÑIGA EIRA DEL CARMEN', 'SIN DIR', '1955-12-21', 'SIN-TEL', 'CC', 'F', 1),
(65, 73008088, 'MORELOS ESCALANTE ANASTACIO ANASTACIO', 'SIN DIR', '1984-04-11', 'SIN-TEL', 'CC', 'M', 1),
(66, 93032115193, 'LLOREDA DAUTT OMAIRA ANDREA', 'SIN DIR', '1993-03-21', 'SIN-TEL', 'TI', 'F', 1),
(67, 92502490, 'BARBOSA VILLALBA EVER ADOLFO', 'SIN DIR', '1963-07-23', 'SIN-TEL', 'CC', 'M', 1),
(68, 1047410071, 'RODRIGUEZ MAGALLANES SAUDY', 'SIN DIR', '2005-04-08', 'SIN-TEL', 'TI', 'F', 1),
(69, 1143403982, 'RODRIGUEZ NORIEGA HELBER', 'SIN DIR', '1997-06-17', 'SIN-TEL', 'CC', 'M', 1),
(70, 9070933, 'ROMERO GOMEZ TOMAS', 'SIN DIR', '1948-09-26', 'SIN-TEL', 'CC', 'M', 1),
(71, 1002203817, 'ALVAREZ MARTINEZ JESUS DAVID', 'SIN DIR', '1997-03-19', 'SIN-TEL', 'TI', 'M', 1),
(72, 1047485895, 'ROMERO HERRERA VANESSA PAOLA', 'SIN DIR', '1995-11-08', 'SIN-TEL', 'CC', 'F', 1),
(73, 33159010, 'ROMERO LOPEZ ACELA', 'SIN DIR', '1949-08-24', 'SIN-TEL', 'CC', 'F', 1),
(74, 1001898744, 'SOTOMAYOR LORA MAICOL', 'SIN DIR', '1998-05-19', 'SIN-TEL', 'CC', 'M', 1),
(75, 1007367926, 'SANCHEZ GAMARRA YERALDIN', 'SIN DIR', '1989-12-28', 'SIN-TEL', 'CC', 'F', 1),
(76, 1010108609, 'SANTANA GONZALEZ ELENA', 'SIN DIR', '1925-08-18', 'SIN-TEL', 'CC', 'F', 1),
(77, 28552150, 'SANTANDER GOMEZ ESTIVINSON', 'SIN DIR', '1990-12-18', 'SIN-TEL', 'RC', 'M', 1),
(78, 1047436257, 'SARABIA GONZALEZ BLEIDYS', 'SIN DIR', '1989-12-12', 'SIN-TEL', 'CC', 'F', 1),
(79, 9095452, 'SEHUANES TORRES JUAN MANUEL', 'SIN DIR', '1966-05-29', 'SIN-TEL', 'CC', 'M', 1),
(80, 1041974608, 'SERPA CUADRO ROSA ISELA', 'SIN DIR', '2002-07-30', 'SIN-TEL', 'TI', 'F', 1),
(81, 1149445147, 'SERRANO BARRIOS SILVIA ALEJANDRA', 'SIN DIR', '2004-04-28', 'SIN-TEL', 'TI', 'F', 1),
(82, 1047386732, 'SILGADO ZURITA MARIA DEL CARMEN', 'SIN DIR', '1996-07-16', 'SIN-TEL', 'TI', 'F', 1),
(83, 1002243123, 'NARVAEZ PEREZ FRANK CAMILO', 'SIN DIR', '2000-08-23', 'SIN-TEL', 'TI', 'M', 1),
(84, 40225849, 'TORRES ALTAMIRANDA KALETH MANUEL', 'SIN DIR', '2004-11-09', 'SIN-TEL', 'RC', 'F', 1),
(85, 1048458455, 'VEGA BUELVAS JAVIER ANTONIO', 'SIN DIR', '2006-08-03', 'SIN-TEL', 'TI', 'M', 1),
(86, 1043304149, 'BUELVAS COGOLLO TANNIA MICHELLE', 'SIN DIR', '2007-11-04', 'SIN-TEL', 'RC', 'F', 1),
(87, 1048443919, 'VERA LAMBRAÑO GIULIANO SALVATORE', 'SIN DIR', '2007-12-15', 'SIN-TEL', 'RC', 'M', 1),
(88, 1043644370, 'CRUZ ACOSTA OSCAR LUIS', 'SIN DIR', '2005-05-13', 'SIN-TEL', 'TI', 'M', 1),
(89, 73107255, 'MEZA ROMAN ORLANDO', 'SIN DIR', '1960-08-12', 'SIN-TEL', 'CC', 'M', 1),
(90, 1047424455, 'EMILIANI GUZMAN LUIS ALFREDO', 'SIN DIR', '2008-08-12', 'SIN-TEL', 'RC', 'M', 1),
(91, 1142920827, 'LENES MARTINEZ SARYLENDIS', 'SIN DIR', '2008-08-05', 'SIN-TEL', 'RC', 'F', 1),
(92, 1048444331, 'RODRIGUEZ HERNANDEZ ANGIE MARCELA', 'SIN DIR', '2008-08-07', 'SIN-TEL', 'RC', 'F', 1),
(93, 1007120105, 'LOPEZ RUIZ KATIUSCA JOHANA', 'SIN DIR', '1991-06-24', 'SIN-TEL', 'CC', 'F', 1),
(94, 1043658268, 'PAYARES BERNAL MARIANA SOFIA', 'SIN DIR', '2008-08-19', 'SIN-TEL', 'RC', 'F', 1),
(95, 1043978547, 'RODRIGUEZ RIOS STEFANY CAROLINA', 'SIN DIR', '2008-08-06', 'SIN-TEL', 'RC', 'F', 1),
(96, 1143402524, 'HERNANDEZ BERRIO STEFANY PAOLA', 'SIN DIR', '1997-08-23', 'SIN-TEL', 'CC', 'F', 1),
(97, 1143330216, 'CABARCAS ESTRADA JUAN DAVID', 'SIN DIR', '2007-01-12', 'SIN-TEL', 'TI', 'M', 1),
(98, 1043657961, 'TORRES JIMENEZ KARIOXY', 'SIN DIR', '2008-02-20', 'SIN-TEL', 'RC', 'F', 1),
(99, 1042585128, 'TORRES JOLY LENIS MARCELA', 'SIN DIR', '2008-08-01', 'SIN-TEL', 'RC', 'F', 1),
(100, 1047423462, 'CABALLERO MAZA DIEGO SAMIR', 'SIN DIR', '2008-06-07', 'SIN-TEL', 'RC', 'M', 1),
(101, 1043658589, 'MERCADO HERNANDEZ SILDANYS', 'SIN DIR', '2008-08-19', 'SIN-TEL', 'RC', 'F', 1),
(102, 1047408152, 'HENRIQUEZ MONCARIS JUAN JOSE', 'SIN DIR', '2007-04-21', 'SIN-TEL', 'RC', 'M', 1),
(103, 1137528055, 'CASTRO PUELLO DANIEL SAMUEL', 'SIN DIR', '2008-10-21', 'SIN-TEL', 'RC', 'M', 1),
(104, 1043304984, 'ALTAMAR DIAZ JOSE ANTONIO', 'SIN DIR', '2008-08-31', 'SIN-TEL', 'RC', 'M', 1),
(105, 1042585256, 'AREVALO HERNANDEZ JULIE PAULINA', 'SIN DIR', '2008-08-15', 'SIN-TEL', 'RC', 'F', 1),
(107, 1043305021, 'MAZA MENDEZ ADRIAN CAMILO', 'SIN DIR', '2008-08-19', 'SIN-TEL', 'RC', 'M', 1);

-- 
-- Dumping data for table usuario_roles
--
INSERT INTO usuario_roles VALUES
(1, 'Administrador'),
(2, 'Medico'),
(3, 'Recepcionista');

-- 
-- Dumping data for table hc_general
--
INSERT INTO hc_general VALUES
(1, 14, '2018-10-31 20:33:18'),
(2, 14, '2018-10-31 20:33:51'),
(3, 14, '2018-10-31 20:33:56'),
(4, 14, '2018-10-31 20:33:58'),
(5, 14, '2018-10-31 20:33:59'),
(6, 10, '2018-11-01 10:54:33');

-- 
-- Dumping data for table usuarios
--
INSERT INTO usuarios VALUES
(1, 1234, 'Administrador del sistema', 'CC', 'admin@gmail.com', 'PIE POPA', '3215464533', 1234, 'iVBORw0KGgoAAAANSUhEUgAAAWsAAABiCAYAAACWPvIEAAATvklEQVR4Xu2dB8w1RRWGX6yoYCEKYmKvIIpdRLHG2FtMjL2hRmNvscWGvcTeYy9oTBTFnhhRwN5jxWiwG40VGxbUPP5zdP5h7727e+/du7P7TvLlh++b3Z15z+y7Z06bfeRmBIyAETACo0dgn9GP0AM0AkbACBgBmay9CIyAETACFSBgsq5ASB6iETACRsBk7TVgBIyAEagAAZN1BULyEI2AETACJmuvASNgBIxABQiYrCsQkodoBIyAETBZew0YASNgBCpAwGRdgZA8RCNgBIyAydprwAgYASNQAQIm6wqE5CEaASNgBEzWXgNGwAgYgQoQMFlXICQP0QgYASNgsvYaMAJGwAhUgIDJugIheYhGwAgYAZO114ARMAJGoAIETNYVCMlDNAJGwAiYrL0GjIARMAIVIGCyrkBIHqIRMAJGwGTdbg2cX9L5JF1CEv9N+72kq0r6d/r/a0k6XdIBWR/+/4eSPirpR5K+1u5x7mUEjIAR2BsBk/XeeEDEh0u6oaSrpB8IelPtL5JOlvQqSe/f1E19HyNgBKaPgMlaur2kGySCPlTSOQYS+58kPVTSmwd6nh9jBIxAxQjMlawh6NtpD1GHWaMU46eSqQPTBaaMf0j6WfodfbnuIEkHF2aQ07I++6a/XUHSjSXt37BWnibp6RWvIQ/dCBiBARCYC1ljyoCcMW9cOyPYgPgPkt4n6RRJn5X0yS1h/xhJ95Z0xeL+j5X0wi0907c1AkZgAghMmayDoB+RHIOluL6eSBkzxNCOv5dIengxIMZxnwmsKU/BCBiBLSAwRbLGMQgRosGWLTToN0g6aQt4drklY7hvccFTJR3T5SbuawSMwDwQmBJZQ9KQ3a0knb0QH/ZnNFdMHYTcjaU1adgXGNkYx4KVx2EEZo3AVMi6ifSIa4ac+RsOwrG2t0m6eza4G23RZj5WDDwuI2AEViBQO1mjTb8pxUPHVAmJe0ty2I2ZpGO8OB1fkMmJncGHvXKNgBEwAjkCNZM1IW9PknS2bEIkmmCrHpOpY9WKYx6Yb6JZs16FmP9uBGaIQI1kTZTHcYU2TWQHpIfZo7b2XEmPM1nXJjaP1wgMi0BtZI3Z44QikeVjkh44crv0Mqm+XtLRWYejUkr6sCvBTzMCRmDUCNRE1iS0fERSZAUShkcMde3p2k+Q9OxslVAcaui471EvUg/OCBgBqRayxg6NIzEaZg9+NwVSs83ab6IRMAIrEaiBrKnfgY062hcl3alis0cplOdIenz2S8dZr1y27mAE5ofA2MkaG/VXC40ac0hN0R6rVlX5MTJZr0LMfzcCM0RgzGRd2qgxfUBsNcROd1lK5QfJoXtd0HNfIzATBMZK1qWNmnRxfjc1omaZUWr1d9l6o5hT7U7Tmbw+nqYRGA6BMZJ16XD7uaTrTpSokTRx46dmInc0yHDr308yAtUgMDayLjVqgLzkhIma+eV1TX4j6YLVrB4P1AgYgcEQGBNZv7Go50wcNeRdY1ZiWwFiAkGrjtNqXppix9te735GwAjMBIExkDVERQw1zsNoHJ9FJbptndgyFvGWJp+p7yLGgvsQ44gPMGauKeQDDIGZn7EEgTGQNc60exVjvI2kD05ccmUUCJUCmw5MmDgMk5neOyRdTNKVJe0n6SzZzH6cDmWeooN8MgIc+0R2SdZoHO9KZyLmOD0y2XHHjt2648O8w7mQ0axVr4vobq4nxBTF4jwrHs8Zm5y16WYEeiGwK7Jmi/j2dKrLHImaYk0nZhN3bHWv5bvTiyDpl0m6UstRIO8btOzrbkbgTAjsiqxPTuF4MaAzJN1vRvHF35Z0SJr801N5Vy/POhCApF9clOhl5H+X9EtJ55R0YMNUXiPpQXVM0aMcIwK7IOsyrhhccCZi85tDy0P1jpV0tzlMegJzXKZJ52V6sVmTbZs3Ipu43o7GCSyEXU1hF2R9vCQciHmbSyJI7lTkjEg+XG7jRABZnU/SzSUdkci2HCknE1GmN3ccNuUKePc0ThlXNapdkPW/GxCaS/EiNKvD0/zvMPEY8qpehDRYPp7PknTkig/psvIHZXTTEyVRWdHNCKyFwBjIGu0kj7Fea0IjvjiPqZ7LnEcsjr2GhsMbO/Sq0Mk2x8ehZV883R1Sx/zhZgTWRmAXZF2aQeZQuCg3f2C/RIObUpnXtRfiDm+wKDIphvRXSdRQ51DjNkla+c7RGak7FOzUHr0LsgZDyAuNg1jjqScKQAbU5A77tM0f43mL0KQ5sPigYkjUaHlmIueuTsGcrOegiIxHmhMfya7IeuKw7jW9b0g6LP1mLgk/Y5fvAyS9XNI5Fgz0lORU7Lr7KcvdOtFp7CuhovGZrLcrrNzZ5IiA7WK97O5RpwPyLeuxLLquj1acR4J8T9LldzdlP3lqCJistyfRnKhJMybd2G27CEDKZAliYsPsxA8mtz6tD1n749wHaV/TCgGTdSuYOnfKX1qbPjrD1/oCyBhizgk6v/hvKaOQKA76EjfdpqEVX7uHExjNPZ7hEgJtkHaf1giYrFtD1aojmh1RAyRK0EzUrWBr1QmyJUadf6nHccesDnjcgFA5HIJEbeC45qe0O+cZpPmDHyYJ/wLXd7VVc5/84OMpJDyxI+nqXG0lSHfqh4DJuh9uTVeVdbkdttUfW4gCYubfiBzK70a0xk8TmUAoQdBtnwjh30XS1SV9OtVT70PQ+fPykNQaZc/6BRNMdsSJU+KVjx07hKlHbLVdN+v2A+Pe68xkvS78e65HCCdk9tEaX9bNINH9LmFX5jgz6qRAzuEQ5G5oy6ElQ8qLNObuT97sFcRj75tuOaYokGMkPSqVcCVUltDRsjUdABJ91i3tuhZBbVZEO7sbpjrq1VPvnDXMB7AzaZus15cfguCkG0iHhBe22UQcuDUjABljYw6NOeLP0XD/mcXeY8rovKB3BHoeBfJOSXfd0Tjyx4LrZyQdXIwF4iZbM2+Uen3ogjF/PoUxtp0Scn1eqqoZNb57E1Tbh46kHx8mTHQ3Tnxw4RQeer0iTBRTKR/RTs1k3QmuM3XGTglRIyTslLy0bbLc1ntqXVdDGpAzWPEiBzmDF1jxg8ZXCzE3oZ/XfBlDUTLWI5g21c/moIQopAZhXE3STZfEnDM35rSsIdejJd16SU2VXgRVyVJn/g9vUa4gpkOJ5Ct2nZvJuiti/++fO6qo9QFR10w4/ZHY+8ogZ3YcEUIXPcApCHoqzivmiAmMRtRJ31DBTeKP/XzRoQiY6JDBWyXt3+KhzA1NsWzI+dErCDq/5nOSrtPieTV1QfYcSbiqpkw5p+9IOrTrRE3WXRHboxkel72UOGU4nmxuDe0tIjQuKukmhb0ZkxCkEM6/qe44csdin9jsTa8b1uaiwmikwuOcxT/Qtj1D0lOyztwbLbnrR+m72YEbbZ89xn6se47j47AUzBtl+0WqzY9ZDyK/iKRrFZ16+QFM1t2WA19SXgYEhhbF/09Vmw4yJjIgnH7xLySdOwFLe3M4AruhW2fvcCxibz/7jqdQpru3Gc6fJf0pyZNTbhY1TsIhQuRsCzqcnkyB1FrBBMOpOXk6P2GRHMxQawtTx20lHdAwCRzh7LaZezTeky839O/lgDZZt186eaLL1EqcRojcryTdvyHzDy054o8jdjmP0JjqB2vV6sirKY5hTZS1tFeNH7kyB2T5W0nUle/aTkv2Wp6dtzxBiN8vMqd0fd7Q/VHI2EmUpW7xuRA++s1UDKwMb4SovyDpQsWAPyAJwu/cTNarIWMx40Tk39qjPSIdO8g5T8dmbh9PmhMvHi9bEPJqlObZI68zMoYEqLyW9jKJoE2zFc+jlr4v6dIdxYg2iVmk6WNNMazLZfdrCmfNa7Z0fPRWu4epg+S20tzzYUmvTifaLxtE7nSOfp9NB1v0GrzJejFsCAybE1sbGl9SFmZNjrFlzr7QlnOH31w15F4vT1obRAHQdp1enjs6iel9dzJDYKP+Y1q3rGl+mpJcmo4jy3H5RzKDnFUSuwg+6PmWv8SQ94W44mholGH7vkY6PSds52MI7eNdwRYNjjeTdK5iQmAKF7R5/28p6UPF9WjZlDDo3UzWzdCVJ1ijFaCFjJ3MQmNuqpWBjT2cfZH113vh+ML/IsCHLsLjdnk0HUTDAQlBfn1rpkPknDmJ/Tkn+T7ixqRWmgCW3WcXoX28LyhkKGFN56HyweGjxE+XLE6I/Z7ZZNm1XLYPiPk1Juu9ESyPd2Kbx1aozdd0XVn0uT7MGHyxecliy4bWzIcltOaoldHnGb5mMQKEo4W2tKt3CZnj9A6ygSi6hpJtQ8ZdyfokSddvMZB1TCdhBoScUchwnjfJDYf5K3pGeSGHb0k6dzYXzKj3bTG3pV12tcDWHfemr0eILPAHS7pMivSApMcYbhbbtVhwYMHiiOy/vIjRpnHy/fZGAOcascpEPpCtNnQrTRdstdnCj2EHSOZjGbK2DJ8vSbrmgg5HSXpt0k4jGoXoEsi9zVwjkoN3Jo9iyh/HzjNMO1206HLITYXCNhLSabLeQ9JswSBBBMZp1DgRxtSCoBlrrj2zuPIqc2Ma89THkofJDa3Nsh7Q1vIIhbGFkkKMpN5HvZRV66HJ+UaoHyR9xIKLV5EgY8DMQcYmtvayodig0b+xo5lj0VyQB7bqXKv+SQpZbPNRsWa9AIGcpMM2NZaaHhBB1NCING2mgXkDp078rHoB/PftIZA79IY8BYgdH887bza1MftU0IqDKHPCwtSQk9qJmf2fa54liX+XtUVkzceM+idlclD+/myj9swnkqM5H/PGbPFz1KxzkkZ4aKe7dh5GSdDIBMw1Jj4kkHPU0Nge/fjOXRDIw/aGiARpyhxEm2Ycy6IyusxpyL5EqOyXPRCio0Y5O4ZFGZj5+HCAYrIsNda8sFr0J+mH3Q/hiuuYOFbh82NJvMN5w1SD9r52mwtZo6kSYoVWEjYrhMdC36bwQkB86XFmRFYg/+ZHT0U/Xj4WX5z6PqdMwLUX88A3QEaEetG2GQmySEvkwF9C4dbeXg+MW06gUZWP3+GsJeORwlKrGlmjRzY4/ol/fmBx8ZC7jpNTtcEYwldSzfRV82n196mTdYTmxMktkdTSJRQnT7su06wDZF6YiGHlKCkiBMI73xQSxHVBzFE/w8TcasmOptMQkSB5VceYODHOKBljjVBqIyAUFTTpnH8IFyzt28R2/7oo88r7hTN31QlA7Eh574fcdSAvuIWj3Xg+89yYMjhVsg7HAmBF+dLYLi7TRMJWjC2NtOuohVF6kCH98jw/fodgiKkk3jUvks8z46fvsVFtXgL3GQ6BiAT5QdqOb/rJZVQBYaSs4TFGKHWde5Ntt7wHjsVXJaUm/1tTvfDyxHqic3BKbowoO04Q3tj4x3RKZI0GGyUL+TfqJS/LOoq4yyjnGZEW2M0o1hIaeKRed5SZu08YASrY0bZRE6Ss8UEN6ntUbPIol0GTbTfvEybKPNGHv2N7xiYcChfvLYcpRH3uuMcYaopvfOlPgaxxGEaaKPPhi/bkdPhpkxbdlPcfjsZIIqnVDrjxBeIbNiKAYnBq+ssma1jndWjiwVM8Iq607eYgEyWCI5B0+bKKIdr2c1JtDmpjN8VMj6FGy1ZemxrJOsg2kkLCzBEB7Yu2H2Wh8IiyiEiLrQDsm04SgZys0fbaFPFfBETs7lA6ynjgIUMChxRUbtuN51IH+vlpN/uxBQk1lGnNy66WY57ih+1/c6yFrPMiKxHWEzGTy46F4jqiQPLc/6a6s0MuVD+rfgTyGGtm0+c9WnYUFIoEdtiy7Gj9yO09A5JeLpXqkOThbRB3l4zQM9JhAJPGq88iG3LBhDYcaaJhh16UFBK1MjCLRFEjxtu3IMuQc/Wz6kFgHbJeddIKDjSyaHflHBuDFNqmqr9GEn1rP8OzFeZjJOso68m2MHcU8tXMPeERqXF4qsNLtlOeih1p2Ahy457ZVui601QRyEtg/mtBKnM596YU8eiDkzIUEPtL9uyEj20oUwpehPM9u0clvOrX4pjIOraFZDFRrIUMJZw42PTCJrgoZjkvZBQJJV701S/P0U7gbpLeno2OpJhFdaL5/SslQfClQ4y1ikNszlr0MiFHqnrkMfDvbBWvMZA1getR7W6R4DBj5As6hMbvIpnE5DxabpvcwND6OCi5qaH5EdFAiBmZdoct6LeqCNHkQPOE1kNgV2TNNgftBNtyhOeQZPCzFLLj8/3Wk6uv3i4Cy0LPVj2ZUD9MfLPVEFcB5L83IzAkWUfIHfYmjmePxnlwL5L0Xi9gL9NKEFimWS+aAuv8ITOI8KhEhPUNcwiyjvA50rfzwi2khJJOekx9sHnEM0egPJ0lh4MdIuVLiQkmBC1qjg9Zo2Lm4pnm9LdJ1pg6HtZQ3xVTBwT9umlC6lnNDIFwGi5yMM4MDk93WwhsiqzzGhu3SBXnzlkMmmN7yMiizoGbETACRsAIdEBgHbJGc+Zk51svqTpGecP3SHquw5M6SMVdjYARMAIFAl3ImgQV7M6HSKKq1bJG6NITNnVCgqVmBIyAEZg7AiVZ3zmZKg6W9DtJmDLoc2ALoDgYkogOSpI6yL8FYO5iBIyAEWiLQE7W+WnNba8nZpQU8PB4t73O/YyAETACRqADAn3I+pRkg55F8ZQOWLqrETACRmBrCDSZQTgCnvKEcUw85pDjU8JK1N3Y2oB8YyNgBIyAETgzAl0cjMbPCBgBI2AEdoSAyXpHwPuxRsAIGIEuCPwHRIKCkCrX4uoAAAAASUVORK5CYII=', 1, 1, 'Á©¢°');

-- 
-- Dumping data for table hc_sesiones
--
INSERT INTO hc_sesiones VALUES
(1, 1, '{"motivo":"edfgsdgdfg","antecedentes":"sdsdfssdf","alergias":"hkjhkjhkjhkjgkj\\nhjhjkk","otroproblemas":"kjhkjhj\\ndfgdfgdf\\ngdfgdfgdf\\ndfgdfgd","consumomedicamentos":"khjhkj"}'),
(2, 2, '{"motivo":"sdfasdfsdfsdfsdfsdf","antecedentes":"sdsdfssdf asdasdasd\\nasdasdasdasdasd","alergias":"hkjhkjhkjhkjgkj\\nhjhjkk","otroproblemas":"kjhkjhj\\ndfgdfgdf\\ngdfgdfgdf\\nasdasdasd\\nasd\\nasda\\nsd\\na","consumomedicamentos":"khjhkj"}'),
(3, 3, '{"motivo":"sdfasdfsdfsdfsdfsdf","antecedentes":"sdsdfssdf asdasdasd\\nasdasdasdasdasd","alergias":"hkjhkjhkjhkjgkj\\nhjhjkk","otroproblemas":"kjhkjhj\\ndfgdfgdf\\ngdfgdfgdf\\nasdasdasd\\nasd\\nasda\\nsd\\na","consumomedicamentos":"khjhkj"}'),
(4, 4, '{"motivo":"sdfasdfsdfsdfsdfsdf","antecedentes":"sdsdfssdf asdasdasd\\nasdasdasdasdasd","alergias":"hkjhkjhkjhkjgkj\\nhjhjkk","otroproblemas":"kjhkjhj\\ndfgdfgdf\\ngdfgdfgdf\\nasdasdasd\\nasd\\nasda\\nsd\\na","consumomedicamentos":"khjhkj"}'),
(5, 5, '{"motivo":"sdfasdfsdfsdfsdfsdf","antecedentes":"sdsdfssdf asdasdasd\\nasdasdasdasdasd","alergias":"hkjhkjhkjhkjgkj\\nhjhjkk","otroproblemas":"kjhkjhj\\ndfgdfgdf\\ngdfgdfgdf\\nasdasdasd\\nasd\\nasda\\nsd\\na","consumomedicamentos":"khjhkj"}'),
(6, 6, '{"motivo":"safjakshfsksdjhg kjhdfs jhfkjghfhdgjkhkajghsdjfg \\nagkasdfjghkajfhgasdgask\\n asdahsdkgh","antecedentes":"ksadjfhaksdhfj hksjhkdjh fahskdjhgfjsdha kjasdjhgkjsadhkg kasj hgkjhs kjdhkahgkajs","alergias":"asdfasdfsd, fasdfasdfas,fas fdsafgasdfga, asfdasdfasd,","otroproblemas":"afdadfasdf\\nasfsdfasdf\\nasdfasdfasdf","consumomedicamentos":"1, 2, 3"}');

-- 
-- Dumping data for table citas
--
-- Table odontapp.citas does not contain any data (it is empty)

-- 
-- Restore previous SQL mode
-- 
/*!40101 SET SQL_MODE=@OLD_SQL_MODE */;

-- 
-- Enable foreign keys
-- 
/*!40014 SET FOREIGN_KEY_CHECKS=@OLD_FOREIGN_KEY_CHECKS */;